M,N,K,TCC_HIT_RATE,time_ns,TCC_EA0_RDREQ,EA0_RDREQ_LEVEL
2048,2048,4096,0.44866802624916824,139401.0,1196703.0,726953718.0
2048,4096,4096,0.6659009553283977,141401.0,1343979.0,808852284.5
2048,4608,4096,0.5270930979186444,143082.0,2265233.0,1368987491.0
2048,4864,4096,0.3198471408181795,144162.0,3577970.0,2464089456.0
2048,5376,4096,0.33698780730689126,144321.0,3844133.0,2926765535.5
2048,7680,4096,0.6039754793085321,150922.0,3075854.0,1891994088.5
2048,7936,4096,0.390009240520764,160921.0,5174948.0,4265468898.0
2048,8192,4096,0.7745502782585265,151002.0,1638430.0,927559568.0
2048,8448,4096,0.38358650079941503,289763.5,5571992.0,4531371488.0
2048,8704,4096,0.5790274470231687,284043.0,3740614.5,2229176558.0
2048,14080,4096,0.4299030902938784,311724.0,8513200.0,6079001615.0
2048,14336,4096,0.7588845729568667,291803.0,3124982.0,1773186271.5
2048,16128,4096,0.442025709324638,325143.5,9516249.5,6554420693.0
2048,16384,4096,0.7743259309989861,304483.5,3270632.0,1812816939.5
2048,16640,4096,0.43817122107224293,455186.0,9893018.5,6519484339.0
2048,32512,4096,0.4690285833066526,728528.0,18138126.0,17513654207.0
2048,32768,4096,0.6885398284795244,707928.0,9825419.0,11043523834.0
2048,33024,4096,0.4660296489051955,830289.0,18538616.0,17050234020.0
2048,65536,4096,0.48758619815984083,1634219.0,35097623.0,45756350344.0
2048,65792,4096,0.480168626664054,1763820.0,35849636.0,62026013582.5
2048,66048,4096,0.47676099156956725,1754020.0,36232012.0,58878117591.5
2048,128256,4096,0.48115114142737037,3309318.5,69708419.5,72717277713.0
2048,130816,4096,0.4843991084529473,3336258.0,70597863.0,74077720242.5
2048,131072,4096,0.4870897455762394,3333918.0,70209112.5,80773273013.0
4096,2048,4096,0.4757910372048996,143001.0,2261426.0,1446242945.0
4096,4096,4096,0.6930496810813853,155521.0,2424889.0,1418192804.0
4096,4608,4096,0.5809815393540516,286043.0,3939445.0,2305882224.5
4096,4864,4096,0.45637609907342375,289443.0,5581590.0,3497209773.0
4096,5376,4096,0.4451844562187994,292483.0,6310045.0,3949421169.0
4096,7680,4096,0.5944324173039405,304523.0,6314441.5,3652038813.0
4096,7936,4096,0.3895093326880972,323363.5,10345824.0,6984178465.0
4096,8192,4096,0.7743221365227271,306724.0,3270415.0,1784667494.5
4096,8448,4096,0.3828374231010568,460505.5,11143559.5,7724718684.0
4096,8704,4096,0.5645050021878917,451125.0,7766953.0,4398411668.0
4096,14080,4096,0.4290891004977553,642626.0,17037980.5,11075882065.5
4096,14336,4096,0.7546855844458561,613527.0,6383611.0,3766725629.0
4096,16128,4096,0.43616915301311987,677328.0,19244103.0,11798950988.0
4096,16384,4096,0.7742022199854331,647567.0,6535055.0,3664460551.0
4096,16640,4096,0.4353152825828923,780969.0,19885565.0,13368167876.0
4096,32512,4096,0.4646401883400605,1515116.0,36601632.0,30374074340.0
4096,32768,4096,0.6857537265323043,1466920.5,19850735.5,21189191868.0
4096,33024,4096,0.4633599098813297,1615699.0,37273228.0,32619686264.0
4096,65536,4096,0.48723710491891403,3336876.0,70254406.5,76581982255.5
4096,65792,4096,0.4772390889353187,3494837.5,72141885.0,80247487643.5
4096,66048,4096,0.4736581625813588,3520039.0,72949485.0,81341134049.0
4096,128256,4096,0.4794751691165924,6796754.0,139925104.0,136216969182.0
4096,130816,4096,0.4811266399803621,6900018.5,142207331.0,142041124900.0
4096,131072,4096,0.48551213422236933,6921237.0,140955707.0,144575384606.0
4608,2048,4096,0.4788221633457799,142602.0,2527638.0,1637757973.0
4608,4096,4096,0.6718403786712689,283083.0,2956491.0,1749562518.0
4608,4608,4096,0.5507521171496866,288483.0,4799883.0,2848234443.0
4608,4864,4096,0.441100950002014,294483.0,6475336.0,3960695532.5
4608,5376,4096,0.4330864189553602,296964.0,7270317.0,4576023846.0
4608,7680,4096,0.5950335957547994,448005.0,7090805.0,3900314913.0
4608,7936,4096,0.38795892226335627,462685.0,11670479.0,7804791250.5
4608,8192,4096,0.7561628852983642,436726.0,4071618.0,2260189081.0
4608,8448,4096,0.3842169629222597,469165.0,12505060.0,8444753722.0
4608,8704,4096,0.5450964841007813,457085.0,9184237.0,5167843039.0
4608,14080,4096,0.42838706827181827,672967.0,19190890.0,11814405321.0
4608,14336,4096,0.7672487437871578,649047.0,6703967.0,3724984477.0
4608,16128,4096,0.4353835306871838,806169.0,21685049.0,13059665004.0
4608,16384,4096,0.762018021168927,776088.0,7878870.0,4645781600.0
4608,16640,4096,0.4355394431434636,817170.0,22363098.0,14133009227.0
4608,32512,4096,0.46411228239300795,1691338.0,41220590.0,33310395403.0
4608,32768,4096,0.6705071590486797,1642298.0,23654503.0,23830834612.0
4608,33024,4096,0.4631219530621686,1810221.5,41951626.0,38820477942.0
4608,65536,4096,0.4869441981183791,3834445.0,79082216.5,88006707422.5
4608,65792,4096,0.47668199704264763,3935164.0,81253985.0,93152616639.0
4608,66048,4096,0.4734590448620144,3978167.0,82101736.0,98876125839.0
4608,128256,4096,0.47922526101974416,7660466.0,157509909.0,156701572493.0
4608,130816,4096,0.47991433376033776,7762127.0,160417211.0,155725561844.0
4608,131072,4096,0.48540276305317326,7770926.0,158598740.0,162640403199.0
4864,2048,4096,0.48009968740369874,142921.0,2660717.0,1747076662.5
4864,4096,4096,0.6743483647132225,283803.0,3091151.0,1833128319.5
4864,4608,4096,0.555827603826002,290363.0,5000791.0,2969159604.5
4864,4864,4096,0.4346606736608779,295803.0,6922174.0,4272833123.5
4864,5376,4096,0.42797264686770836,300083.0,7750353.0,4844178412.0
4864,7680,4096,0.5808738791135888,450665.5,7788209.5,4337742384.5
4864,7936,4096,0.3884077199946503,466285.0,12308953.0,8299331743.0
4864,8192,4096,0.7599696525497456,438565.0,4210083.0,2344325076.0
4864,8448,4096,0.38508292567725816,473804.5,13179085.0,8656516500.5
4864,8704,4096,0.5296870320316174,462185.5,10067560.0,5734111943.5
4864,14080,4096,0.4267889639608485,781169.0,20319036.0,13491276391.0
4864,14336,4096,0.7533438128842931,750948.0,7632610.0,4560852450.5
4864,16128,4096,0.43592564784737603,828769.0,22865215.0,13546777117.0
4864,16384,4096,0.7684428874280671,788409.0,8022022.0,4607049756.0
4864,16640,4096,0.4360585320347328,843989.5,23578721.0,16366001829.5
4864,32512,4096,0.4631751258593697,1836721.5,43596171.0,34149083278.5
4864,32768,4096,0.657282287682107,1788659.0,26175314.0,26509176430.0
4864,33024,4096,0.4637073120761066,1849100.0,44228602.0,38171341323.0
4864,65536,4096,0.4868209755249218,4051042.0,83504685.0,86522640258.0
4864,65792,4096,0.4762268423078455,4153364.0,85846004.0,90601376456.0
4864,66048,4096,0.47388086672699725,4168366.0,86588491.0,91981019138.0
4864,128256,4096,0.47906409006666745,8084130.0,166314688.0,163369724524.0
4864,130816,4096,0.4803417884023511,8199411.5,169156925.5,164485509908.0
4864,131072,4096,0.48524257704062673,8172175.0,167465431.0,169124339999.0
5376,2048,4096,0.48228716695240126,143721.0,2927024.0,1930848456.5
5376,4096,4096,0.6786537969209061,285283.5,3360638.0,1990731221.5
5376,4608,4096,0.57371695078356,291324.0,5271452.0,3121155543.0
5376,4864,4096,0.42361084747691513,299803.0,7816032.0,4836575884.5
5376,5376,4096,0.4358601561337482,305643.5,8432142.0,5183292442.0
5376,7680,4096,0.5627799245086847,458405.0,9036430.5,5161681881.5
5376,7936,4096,0.3875840987724015,479285.0,13624740.0,8549049256.5
5376,8192,4096,0.7665000182851314,444045.0,4486971.0,2514507548.0
5376,8448,4096,0.3861493750280321,485925.0,14536567.0,9447603060.0
5376,8704,4096,0.5324651276729969,478725.0,11051163.5,6208115174.5
5376,14080,4096,0.42750051749017876,813249.0,22427740.0,14182123384.0
5376,14336,4096,0.7574745045944007,785928.5,8252234.5,4778707396.5
5376,16128,4096,0.43391027289771544,969011.0,25369000.5,15167861618.5
5376,16384,4096,0.7585279834790987,954370.0,9366361.0,5361531095.0
5376,16640,4096,0.43406450001016594,972690.5,26162150.5,16327983079.5
5376,32512,4096,0.4628904691787842,2047983.0,48212632.0,38099839641.0
5376,32768,4096,0.6626063816382959,1973261.0,28392458.0,28100778178.0
5376,33024,4096,0.4633215899912442,2058204.0,48922402.5,41002769740.0
5376,65536,4096,0.4867400268139835,4539850.0,92311839.0,97900962293.0
5376,65792,4096,0.47607588182530924,4551649.0,94920970.0,96345752781.0
5376,66048,4096,0.4738219272010421,4594969.0,95717467.0,97961617187.5
5376,128256,4096,0.47918247610293946,8952776.0,183774658.0,185557480074.0
5376,130816,4096,0.4794771182557125,9069172.0,187321911.5,182551633012.0
5376,131072,4096,0.4846040142090995,9051377.0,185369233.0,186441312039.0
7680,2048,4096,0.48722535296430314,154922.0,4124700.0,2647941961.0
7680,4096,4096,0.6909274412759964,300163.0,4572946.0,2665956128.0
7680,4608,4096,0.5956663040866611,449725.0,7079327.0,3955155279.0
7680,4864,4096,0.47011541039739735,458644.0,10159925.0,5845398889.0
7680,5376,4096,0.4492418433293589,468845.0,11723694.5,6773843635.0
7680,7680,4096,0.5720454323965317,636526.0,12597308.0,7153149032.0
7680,7936,4096,0.3864330410913676,662247.0,19497879.0,11464977646.0
7680,8192,4096,0.7706055420476879,631247.0,6257518.0,3805998400.0
7680,8448,4096,0.3843829425828722,678367.0,20823347.0,12991311676.0
7680,8704,4096,0.5459999921246398,677648.0,15261866.5,8429768774.5
7680,14080,4096,0.42710123754213375,1183053.0,32058325.0,21476832675.0
7680,14336,4096,0.7526582498404821,1136171.5,12090667.5,6699567025.5
7680,16128,4096,0.4335295433478314,1357135.0,36266623.0,22030208671.0
7680,16384,4096,0.7667396245104573,1295494.0,12783100.0,7221917737.0
7680,16640,4096,0.4339171196315724,1372694.0,37382522.0,24061336631.0
7680,32512,4096,0.4623894076275823,2882711.0,68942114.5,54001819990.0
7680,32768,4096,0.6855675707095599,2787370.0,37234656.5,39470692890.0
7680,33024,4096,0.4619371914768574,3022171.5,70092223.5,58497899400.5
7680,65536,4096,0.48562471964949644,6444708.0,132198259.0,134948897882.0
7680,65792,4096,0.4743582157435613,6586911.0,136089420.0,158496292800.0
7680,66048,4096,0.4727847620643453,6535669.5,137044840.5,134966675654.5
7680,128256,4096,0.47802690594381253,12655417.0,263211058.0,244594220798.0
7680,130816,4096,0.47736922620276656,12864378.0,268838077.0,248230832470.0
7680,131072,4096,0.48313394257032877,12950057.0,265658835.0,265674457472.0
7936,2048,4096,0.4876587081362028,156801.0,4257950.0,2807980261.0
7936,4096,4096,0.6918488300678114,305183.5,4707594.0,2698414361.0
7936,4608,4096,0.5864085590090276,451005.0,7509533.0,4191251467.0
7936,4864,4096,0.46561283337089066,462504.5,10598751.5,6114594471.5
7936,5376,4096,0.44550836733879945,473226.0,12205721.5,6961134633.5
7936,7680,4096,0.5833810066647618,645967.0,12620384.0,7182251804.0
7936,7936,4096,0.3863691349236119,670047.0,20148346.0,12447894521.0
7936,8192,4096,0.7724705470110611,638807.0,6395888.0,3797561943.0
7936,8448,4096,0.38474396859048915,684567.5,21501816.5,15318490968.5
7936,8704,4096,0.5292809371509489,774208.0,16433018.0,9593009396.0
7936,14080,4096,0.4270662222741707,1205815.5,33129087.5,22135286786.5
7936,14336,4096,0.7582297138940794,1151331.0,12129746.0,7746724483.0
7936,16128,4096,0.43412565784632606,1369015.0,37431996.0,23475634339.5
7936,16384,4096,0.7704673025423101,1312414.0,12930560.0,8146847981.0
7936,16640,4096,0.43237340986128386,1395014.0,38739292.0,26980042973.0
7936,32512,4096,0.46174932103128963,3031013.0,71334742.0,53260142451.5
7936,32768,4096,0.6726008817784999,2942251.5,40417338.0,40383071570.0
7936,33024,4096,0.4623029398704837,3070912.0,72365370.0,57363054840.0
7936,65536,4096,0.4854707776550821,6699991.0,136640382.5,145036838190.5
7936,65792,4096,0.4741334695248732,6684230.5,140693902.5,135412754123.0
7936,66048,4096,0.47198746241314765,6808432.0,141841878.0,153289579536.0
7936,128256,4096,0.47732981930221435,13084739.0,272385229.0,250684531424.0
7936,130816,4096,0.4774842580661746,13315905.0,277702895.0,261334407057.0
7936,131072,4096,0.4829300288920582,13417982.0,274638095.0,274882506873.0
8192,2048,4096,0.48796750960217733,161082.0,4391010.0,2770705992.0
8192,4096,4096,0.6927179708314599,314243.0,4842437.0,2705781370.0
8192,4608,4096,0.5776535178538325,451605.0,7940835.0,4484868950.5
8192,4864,4096,0.46108039439841897,465885.0,11044096.0,6344215141.0
8192,5376,4096,0.44176069339958585,476485.0,12693027.0,7431476391.0
8192,7680,4096,0.5726396954828783,653527.0,13406364.0,7536245887.0
8192,7936,4096,0.3857509610535326,681887.0,20819770.0,12588384348.0
8192,8192,4096,0.7742226206744343,650527.0,6534323.0,3780653307.0
8192,8448,4096,0.38390204555514235,789968.0,22229982.0,14248441023.0
8192,8704,4096,0.5229148163082775,782808.0,17225025.0,9956442157.0
8192,14080,4096,0.4271975384106715,1221193.0,34186917.0,22181258387.5
8192,14336,4096,0.7615805043524159,1155693.0,12294326.0,7707063908.0
8192,16128,4096,0.4348300246599724,1397934.0,38591819.0,24808183181.5
8192,16384,4096,0.7739710521471251,1325794.0,13077524.0,8066804994.5
8192,16640,4096,0.4330338613759764,1513256.0,39938742.0,26363476238.0
8192,32512,4096,0.46212165486787005,3079651.5,73582823.0,54734331839.5
8192,32768,4096,0.6744986447333021,2990351.0,41426981.0,40835788701.0
8192,33024,4096,0.4619107758736124,3237397.5,74764209.5,63668666082.0
8192,65536,4096,0.48569745164794903,6930074.0,140992474.0,151695731322.0
8192,65792,4096,0.47416564511365833,6980198.0,145226561.0,149904645585.0
8192,66048,4096,0.4726173998043694,6961271.0,146234988.0,142474238373.0
8192,128256,4096,0.4770003803568921,13541700.0,281367006.0,260903164101.0
8192,130816,4096,0.47708350085520285,13773900.0,286917894.0,264225053917.0
8192,131072,4096,0.4827116093385781,13853103.0,283632791.0,281375598152.0
8448,2048,4096,0.4751958144510271,287083.0,4654951.0,2992671364.0
8448,4096,4096,0.6803410290537459,441084.0,5239109.0,2947027188.0
8448,4608,4096,0.5768721683993354,454125.0,8206408.0,4663726987.0
8448,4864,4096,0.45657934427678176,466865.0,11495585.5,6697954270.0
8448,5376,4096,0.4465159158406514,483565.0,12964562.0,7489498265.0
8448,7680,4096,0.576000080306177,663727.0,13699908.0,7652359250.0
8448,7936,4096,0.3865899924255134,686647.0,21436829.0,14590647046.0
8448,8192,4096,0.7626811607880815,742469.0,7197024.5,4633373012.0
8448,8448,4096,0.3842614873725398,798088.0,22909889.0,14896218891.0
8448,8704,4096,0.5325297828938214,796247.0,17356856.0,9969071861.0
8448,14080,4096,0.4259285812647609,1343813.0,35341522.0,25088262922.0
8448,14336,4096,0.7523082328055445,1298913.0,13324708.5,8807704559.5
8448,16128,4096,0.4328356380077421,1540675.0,39941768.5,26058822844.5
8448,16384,4096,0.764185673928215,1470135.0,14263031.0,7973458579.0
8448,16640,4096,0.43275819118746556,1541915.5,41212355.0,26234294564.5
8448,32512,4096,0.4613931308606679,3237473.5,76003803.5,55975924347.0
8448,32768,4096,0.6727204233629714,3147313.0,43003925.0,42537776596.0
8448,33024,4096,0.4622549866964852,3273954.0,77046386.0,64956631557.0
8448,65536,4096,0.48532454340547926,7108375.5,145518504.0,146906755196.0
8448,65792,4096,0.4729717112274919,7216634.5,150146111.0,161219608339.5
8448,66048,4096,0.4735272008963578,7228755.0,150510237.5,162190002374.0
8448,128256,4096,0.4760104185376244,13897507.0,290768310.0,265058014050.0
8448,130816,4096,0.4766278074686167,14211548.0,296178456.0,273673964144.0
8448,131072,4096,0.48245677526508934,14258391.0,292684386.0,290392927644.0
8704,2048,4096,0.47601144945174023,287883.0,4787696.0,2986339752.5
8704,4096,4096,0.6814956650727714,442885.0,5373853.0,3008518641.0
8704,4608,4096,0.5818185724544567,456085.0,8341666.0,4688325888.0
8704,4864,4096,0.4526854496547377,471045.0,11938201.0,6823863575.5
8704,5376,4096,0.4536176223787622,487425.5,13166057.0,7519545675.5
8704,7680,4096,0.599862055173543,671087.0,13199478.5,7258338563.0
8704,7936,4096,0.3856523299702213,789769.0,22123751.0,13717315374.0
8704,8192,4096,0.7646152303862208,758289.0,7335480.0,4727258623.0
8704,8448,4096,0.38478425164867536,807828.5,23582203.0,15267068221.0
8704,8704,4096,0.5132728236846501,805688.0,18719165.0,10760721595.0
8704,14080,4096,0.4262260811652827,1334953.5,36392904.5,24754164223.0
8704,14336,4096,0.7551690898811311,1319334.0,13522103.0,8912266988.0
8704,16128,4096,0.43318534267327674,1537176.0,41125724.5,25914705677.5
8704,16384,4096,0.7676582397617787,1487175.0,14410960.0,7874980413.0
8704,16640,4096,0.4308687162342691,1559057.0,42614679.0,30064700416.0
8704,32512,4096,0.4621127942962633,3273593.5,78179119.5,59865678127.0
8704,32768,4096,0.6835821143169805,3167711.0,42522807.0,44431552160.0
8704,33024,4096,0.4618199176515556,3435755.0,79453679.0,63141328849.0
8704,65536,4096,0.4856994932241352,7321156.0,149794295.0,158782554580.0
8704,65792,4096,0.4733553156164459,7317076.0,154568728.0,146611318911.0
8704,66048,4096,0.4703191449414829,7465919.0,156131429.5,170316794335.0
8704,128256,4096,0.47577780311258655,14345232.5,299751405.5,280124796967.5
8704,130816,4096,0.47618748786996457,14589732.0,305405662.0,280884107077.5
8704,131072,4096,0.4813950413653846,14703751.0,302248949.0,300186166813.0
14080,2048,4096,0.48586977296949396,301123.0,7577342.0,4904262835.0
14080,4096,4096,0.6881384704230251,616366.0,8464985.0,5713259218.0
14080,4608,4096,0.6051488180887505,667527.0,12618702.0,7248723947.0
14080,4864,4096,0.4779053004240891,783088.0,18311759.0,10942407199.0
14080,5376,4096,0.4508670569438318,820728.0,21411362.0,12654438747.0
14080,7680,4096,0.5823710441291614,1157231.5,22442671.0,14177482519.0
14080,7936,4096,0.38170671658854216,1219213.0,36034891.0,23277480968.0
14080,8192,4096,0.7731934792735906,1143952.0,11291661.0,7396395033.0
14080,8448,4096,0.38099104359440333,1347574.0,38395632.0,23029800956.0
14080,8704,4096,0.4965377242832276,1345753.5,31448248.0,19628121318.5
14080,14080,4096,0.4244951630560686,2112822.0,59068832.0,38992257809.0
14080,14336,4096,0.7464110670460555,2162262.5,22881997.5,13915569960.5
14080,16128,4096,0.43267979477880036,2436985.0,66606326.0,41007474828.0
14080,16384,4096,0.7719634919879919,2334683.5,22735959.0,14022656391.5
14080,16640,4096,0.4249668902176631,2501666.0,69718483.0,47271568372.0
14080,32512,4096,0.4587066684480784,5431937.0,127374411.0,92566107868.0
14080,32768,4096,0.6754187592244942,5248894.0,70947584.0,69973450094.0
14080,33024,4096,0.4603094897793436,5478056.0,128935150.0,97265332385.0
14080,65536,4096,0.4846697536212687,11947480.5,242861094.5,266009486998.0
14080,65792,4096,0.4700617770375267,11943139.5,251777537.5,259311284478.0
14080,66048,4096,0.4693420695966804,11979684.0,253091410.0,272032928144.0
14080,128256,4096,0.4722768488222822,23301825.0,488488672.0,444190318963.0
14080,130816,4096,0.4706331459099226,23871327.0,499963525.0,464235139866.0
14080,131072,4096,0.48014982382977134,23891165.5,490216446.0,486001465119.0
14336,2048,4096,0.48614377366917727,304483.0,7710369.0,4776550794.0
14336,4096,4096,0.6887021971998704,630686.0,8599660.0,5674277398.0
14336,4608,4096,0.6076262264515077,674647.0,12752439.0,7284079862.0
14336,4864,4096,0.4750033803076637,793128.0,18760395.0,11128918618.0
14336,5376,4096,0.4497862180651678,831929.0,21848840.0,12750464479.0
14336,7680,4096,0.5593033695838284,1183292.0,24295166.0,15235510542.0
14336,7936,4096,0.38127544076920145,1222572.0,36718084.0,23589789121.0
14336,8192,4096,0.7741831226272987,1162292.0,11430176.0,7420313246.0
14336,8448,4096,0.3814861240582323,1345033.5,39058054.5,26230232378.0
14336,8704,4096,0.5132697840613335,1344413.0,30823217.5,19063302657.0
14336,14080,4096,0.42421479204020696,2211623.0,60167200.0,38089506211.0
14336,14336,4096,0.7439557250830313,2184281.5,23590512.0,14392352170.0
14336,16128,4096,0.43312126337722107,2474026.0,67765615.0,41188993962.0
14336,16384,4096,0.7739994286943164,2337362.5,22873784.0,13993698108.0
14336,16640,4096,0.4237564755689811,2601029.5,71151970.5,49629753617.5
14336,32512,4096,0.4603343116057895,5452014.0,129257540.0,92019142327.0
14336,32768,4096,0.6821553118337698,5293131.0,70424237.0,70731661297.0
14336,33024,4096,0.4566472021653924,5702739.0,132285029.0,97134643822.0
14336,65536,4096,0.4842769453729655,12139807.0,247505302.0,258744504429.0
14336,65792,4096,0.46888521020971524,12100607.0,256997899.0,242762963600.0
14336,66048,4096,0.46862804280408066,12107964.0,258075526.0,240933811819.0
14336,128256,4096,0.4724255223674299,23725356.0,497222366.5,446435051806.5
14336,130816,4096,0.4714750583987343,24389016.5,508287890.5,474585417293.5
14336,131072,4096,0.48008208982127987,24423693.0,499169354.0,499720478887.0
16128,2048,4096,0.48771454526656643,320323.0,8640592.0,5169068224.5
16128,4096,4096,0.6921385972177349,665127.0,9542907.0,5733982119.0
16128,4608,4096,0.5920023088725895,787008.0,15013383.0,9260032684.0
16128,4864,4096,0.4640250635032892,839069.0,21599043.0,12650875427.5
16128,5376,4096,0.4610099298863452,971710.5,24018231.5,13955237214.0
16128,7680,4096,0.5562215103270889,1353134.0,27549711.0,17264970127.0
16128,7936,4096,0.3816563237401363,1393274.0,41280939.0,27562462576.5
16128,8192,4096,0.7733107799079851,1322293.0,12923535.0,8352795766.0
16128,8448,4096,0.38208258398084904,1545516.0,43896146.0,25875452963.5
16128,8704,4096,0.4917432994884803,1534936.0,36408865.0,22248641706.0
16128,14080,4096,0.42392609600909154,2445625.0,67734947.0,43916721905.0
16128,14336,4096,0.7475711922293402,2349064.0,26056560.0,15898459821.0
16128,16128,4096,0.43287831190609516,2823887.5,76274149.5,45595692349.0
16128,16384,4096,0.7723083259430763,2647107.0,25987083.0,16914373693.0
16128,16640,4096,0.4221622873052576,2868869.0,80294255.0,54310451637.0
16128,32512,4096,0.45701679102761195,6224883.5,146429973.0,101130922048.5
16128,32768,4096,0.6721761735741683,6061862.0,82254529.0,78605786207.0
16128,33024,4096,0.4557977278044504,6309689.5,149060748.5,111788427902.5
16128,65536,4096,0.48316372379336286,13651341.0,279144354.0,282364529880.0
16128,65792,4096,0.4666937004850791,13648941.0,290438777.0,275945868335.0
16128,66048,4096,0.4673978318928072,13582821.0,291084253.0,268421692937.0
16128,128256,4096,0.47080645706900437,26860761.0,561301423.0,508683193721.0
16128,130816,4096,0.4708418543372539,27530410.0,572450790.0,518310100751.0
16128,131072,4096,0.47827928111192675,27521923.0,563819623.0,558345183497.0
16384,2048,4096,0.4878888557788607,323923.0,8773008.0,5304740892.0
16384,4096,4096,0.6925646046459077,666226.5,9677312.0,5863899357.0
16384,4608,4096,0.5922115748398273,803928.0,15241236.0,9210605389.0
16384,4864,4096,0.46841679969482836,840848.0,21741110.0,12847636997.0
16384,5376,4096,0.45882137433416237,972370.0,24509731.0,14444879434.0
16384,7680,4096,0.5507384301080419,1335053.0,28383719.0,17664283035.0
16384,7936,4096,0.38136343862940275,1404374.0,41958157.0,27544691644.0
16384,8192,4096,0.7741791174305809,1329173.5,13062216.0,8484699894.0
16384,8448,4096,0.3821260290375064,1562356.0,44590591.0,26802740444.5
16384,8704,4096,0.4909328111014569,1533135.0,37052649.0,22698454563.0
16384,14080,4096,0.4236757745750371,2468026.0,68842844.0,44895684979.0
16384,14336,4096,0.749602281381817,2383985.0,26200023.0,16402681594.0
16384,16128,4096,0.4325758353749757,2832589.0,77525640.0,46856600218.0
16384,16384,4096,0.7740453845162718,2691947.0,26132008.0,16943160239.0
16384,16640,4096,0.4229944747633359,2972591.0,81439872.5,55512672091.5
16384,32512,4096,0.4573862673107278,6261942.5,148643350.5,102005825552.5
16384,32768,4096,0.6802745298039854,6067222.0,81061648.0,79535794178.0
16384,33024,4096,0.4561020798443055,6505946.0,151345954.0,108758656545.0
16384,65536,4096,0.4828328821301842,13837742.0,283768352.0,281766349249.0
16384,65792,4096,0.4676443065603717,13863321.5,294473183.0,302948541717.0
16384,66048,4096,0.46652066875945575,13783941.0,296253944.0,272231168268.0
16384,128256,4096,0.471846302604603,27434843.0,568947438.0,532524864456.0
16384,130816,4096,0.4711539328838987,27972691.0,581121486.0,541363758271.0
16384,131072,4096,0.4797009434544101,27969118.0,570969116.0,577450572369.0
16640,2048,4096,0.48143136736842773,449285.0,9037114.0,5411413434.0
16640,4096,4096,0.6862825317533154,763967.5,10074227.5,6521401872.5
16640,4608,4096,0.5951242780319569,807808.0,15352377.0,9175598364.0
16640,4864,4096,0.4727067266136411,848829.5,21880889.0,13154984439.0
16640,5376,4096,0.45621813172797854,977669.0,25026883.0,14739811030.5
16640,7680,4096,0.584088976074009,1339814.0,26395214.0,16333625003.0
16640,7936,4096,0.38158217263831173,1411376.0,42595931.0,27975024087.0
16640,8192,4096,0.7683097841819518,1464775.0,13724820.0,8781290535.5
16640,8448,4096,0.38207117555634745,1560374.5,45289014.5,31456630526.5
16640,8704,4096,0.49422223773543844,1549496.0,37358628.0,23307404645.0
16640,14080,4096,0.4238302883063399,2492185.0,69896957.5,44498054485.0
16640,14336,4096,0.7422582566074146,2512964.5,27609578.0,16826463758.5
16640,16128,4096,0.43291355722757263,2860428.5,78687967.0,47860450749.0
16640,16384,4096,0.768939918811316,2803588.5,27340358.0,17091649621.0
16640,16640,4096,0.4224675394302111,3009510.5,82795701.5,55665123849.5
16640,32512,4096,0.45680529375109313,6499381.0,151143160.0,105045171466.0
16640,32768,4096,0.6743136086743091,6302500.0,84198637.0,81074581131.0
16640,33024,4096,0.45342627281856446,6502784.0,154566242.0,109789221033.0
16640,65536,4096,0.48216823942565984,14065741.0,288631906.0,288911360027.0
16640,65792,4096,0.4672095474413453,14101383.0,299344162.0,298860841261.0
16640,66048,4096,0.4665946061900326,14096742.0,300836206.0,298360261060.0
16640,128256,4096,0.47110661887102934,27866645.0,578727931.0,531741413688.0
16640,130816,4096,0.46960919663773676,28354517.0,592148448.0,551767854101.0
16640,131072,4096,0.4791067140976728,28467692.0,580629335.0,583647874751.0
32512,2048,4096,0.48774200536276635,684247.0,17403912.0,13608046033.0
32512,4096,4096,0.6922663858083699,1360294.0,19212103.0,13935008361.0
32512,4608,4096,0.5959244278220737,1562076.0,29917405.5,19968458399.0
32512,4864,4096,0.46367539113610506,1716516.0,43559785.5,28838372414.5
32512,5376,4096,0.43777361216323274,1891779.5,50738779.5,33185231089.0
32512,7680,4096,0.5594754424098819,2621708.0,55073995.0,33934129740.5
32512,7936,4096,0.37850269680910575,2883390.0,83684015.0,45285638577.0
32512,8192,4096,0.7737329344053753,2680528.0,25978875.0,17846846709.0
32512,8448,4096,0.37747966356526763,3051031.0,89208893.5,49367687291.0
32512,8704,4096,0.4723900635138707,3022071.0,76531429.5,45929250129.0
32512,14080,4096,0.41864427997913267,5065731.0,137943726.0,82893228777.0
32512,14336,4096,0.690124523517768,4843309.0,67887825.0,40325477202.5
32512,16128,4096,0.42924549149169655,5906919.0,154849822.0,77909001581.0
32512,16384,4096,0.7731308078535547,5407536.5,52122964.5,33217846152.5
32512,16640,4096,0.4148506749531467,6020959.5,164154553.0,99447399939.0
32512,32512,4096,0.4535037499552027,12475605.0,297305119.0,203049609691.0
32512,32768,4096,0.6676610819101653,12211963.0,168563908.0,156471287413.0
32512,33024,4096,0.44682065678230193,12656257.0,306040655.0,211840263757.0
32512,65536,4096,0.48200313957536883,27869004.0,564080460.0,623412544795.0
32512,65792,4096,0.4552054783690488,27852061.0,599576905.0,572064619113.0
32512,66048,4096,0.45698802431775387,27654000.0,599603636.0,553147276766.0
32768,2048,4096,0.4878308062208176,692007.0,17537031.0,14536257518.0
32768,4096,4096,0.6924798589730798,1369034.0,19346834.0,14107093845.0
32768,4608,4096,0.5924240329683819,1580457.0,30447578.0,20234230897.0
32768,4864,4096,0.46291754661746154,1732918.0,43972524.5,29061442661.0
32768,5376,4096,0.4356033465260113,1924979.0,51356661.0,33225992938.0
32768,7680,4096,0.556688395687833,2635926.5,55903915.5,34222533618.5
32768,7936,4096,0.37862381818198754,2884168.0,84326263.0,45384920621.5
32768,8192,4096,0.7741605386330286,2692649.5,26117623.0,18030737073.5
32768,8448,4096,0.3784478882027825,3082610.5,89757660.0,49379913855.5
32768,8704,4096,0.457568711566086,3041809.5,79559117.0,47394141157.5
32768,14080,4096,0.4214306396305113,5187352.0,138276703.0,80715394602.5
32768,14336,4096,0.696737195391576,4891729.0,66637834.0,39328742756.0
32768,16128,4096,0.4274289571185297,5833983.0,156615442.5,89890441694.5
32768,16384,4096,0.7739628900889826,5435896.0,52282153.0,33208002770.0
32768,16640,4096,0.4115582972935272,6014904.0,166479976.0,87648026609.0
32768,32512,4096,0.45469583322606655,12608608.0,298934590.0,205013836282.0
32768,32768,4096,0.6642849575666815,12274198.0,171973007.0,159014287047.0
32768,33024,4096,0.4478914984861372,12888770.0,307765034.0,220892365764.0
32768,65536,4096,0.4803568458090995,28064726.0,570538092.0,614516038959.0
32768,65792,4096,0.4538035987965747,27717999.0,606033469.0,545372790704.0
32768,66048,4096,0.45640749904921074,27844762.0,605356786.0,537087788921.0
33024,2048,4096,0.48458041255498263,794528.5,17801171.5,12193581994.5
33024,4096,4096,0.6893152093400772,1485895.0,19744074.0,12840666445.0
33024,4608,4096,0.6050061575167874,1674576.5,29595856.0,18518030941.5
33024,4864,4096,0.46172831631011535,1737537.0,44423715.0,29880949978.0
33024,5376,4096,0.4338915680929401,1911459.0,51934290.0,34427677498.0
33024,7680,4096,0.5201185310780032,2762587.0,61655120.5,38215219770.5
33024,7936,4096,0.3787574724882654,2897209.0,84968358.0,45223190470.5
33024,8192,4096,0.7711982730063962,2803428.0,26780287.0,18142313006.0
33024,8448,4096,0.37811181253491455,3078810.5,90514851.0,49379564130.5
33024,8704,4096,0.4762902581520424,3142555.0,77088964.5,46916731263.0
33024,14080,4096,0.4224671177433039,5194158.0,139070002.5,70028624368.0
33024,14336,4096,0.724121918501724,5111827.5,59721505.5,34939233741.0
33024,16128,4096,0.42919860508070806,5969019.5,157277091.0,89821455852.0
33024,16384,4096,0.7714455021746656,5543054.0,53469388.0,34098694746.5
33024,16640,4096,0.4089511660298196,5991141.0,168596485.0,104203026333.0
33024,32512,4096,0.45408697135428155,12621565.0,301619309.0,205634474381.0
33024,32768,4096,0.671031713098819,12342323.0,169116299.0,162026023706.0
33024,33024,4096,0.4457595480871326,12995823.0,311509147.0,222551155985.0
33024,65536,4096,0.4795822518368846,28164323.0,575979584.0,580370388302.0
33024,65792,4096,0.4545608206789607,28104235.0,609815729.0,562876498210.0
33024,66048,4096,0.4548710399163069,28020838.0,611661920.0,554833761129.0
65536,2048,4096,0.48781286637080434,1434696.0,35066047.5,26667026443.0
65536,4096,4096,0.6924396158853325,2766767.5,38686922.5,27351017474.5
65536,4608,4096,0.5765206813052103,3194992.0,63660653.0,40287100678.0
65536,4864,4096,0.4512045993498727,3441433.0,90076389.0,56645645360.0
65536,5376,4096,0.41087773835150243,3840662.5,107703094.5,65013421375.5
65536,7680,4096,0.4652397382576634,5434015.0,138201332.0,80143156775.0
65536,7936,4096,0.3748527314850819,5785495.0,169802034.0,86367782051.0
65536,8192,4096,0.7741480401243859,5450918.5,52228500.5,35787843189.0
65536,8448,4096,0.3728524710388923,6153680.5,181323330.0,93598351008.5
65536,8704,4096,0.4320959219621249,6298839.0,167438344.0,94545296182.0
65536,14080,4096,0.41630215070759946,10343781.0,279366992.5,137406860611.0
65536,14336,4096,0.6483270568715105,9971812.5,159355852.5,91124655847.5
65536,16128,4096,0.4216675921820836,11677917.5,316745877.0,175502053076.0
65536,16384,4096,0.773972557892453,10935484.0,104541004.0,65676205290.0
65536,16640,4096,0.3950762683518862,11964239.0,343311024.5,199363962146.0
65536,32512,4096,0.44546192165016274,25315256.0,609083880.0,408204302231.0
65536,32768,4096,0.6401200491868376,24631054.5,373712451.0,329046139503.0
65536,33024,4096,0.42850168990649107,25879292.0,639559036.0,443274543694.0
65792,2048,4096,0.4862547078498126,1542615.0,35329597.0,24541102382.5
65792,4096,4096,0.690850110134088,2847728.5,39083563.5,27168372234.5
65792,4608,4096,0.5941980199408065,3294033.0,60828483.0,37598781431.0
65792,4864,4096,0.452594278986649,3551715.0,90169107.0,56230725488.0
65792,5376,4096,0.4278884572830257,3931562.0,104672677.0,64306288362.0
65792,7680,4096,0.4947852427546122,5655636.5,130164060.5,74512198396.0
65792,7936,4096,0.3751993827847319,5966702.0,170330389.0,87613079186.0
65792,8192,4096,0.7726663390030394,5565835.5,52891211.5,35474984275.5
65792,8448,4096,0.36915588445194175,6254810.5,183201083.5,95340541076.5
65792,8704,4096,0.43860094164688257,6347464.0,165963121.0,95727312386.0
65792,14080,4096,0.4140228980186812,10465205.0,281647285.5,140188696100.5
65792,14336,4096,0.6504972421003479,10093059.0,158823711.5,92084236694.5
65792,16128,4096,0.41926214179374155,11806835.0,319427057.0,178487351994.0
65792,16384,4096,0.7726431022860885,11088442.5,105776605.0,66092581512.0
65792,16640,4096,0.401416476058501,12173678.0,340673634.0,194962276277.0
65792,32512,4096,0.44293664789917075,25465684.0,614597031.0,403154115899.0
65792,32768,4096,0.6250319792951057,25399269.0,393819796.0,340610306172.0
65792,33024,4096,0.431207264260466,26049901.0,638687878.0,449010898000.0
66048,2048,4096,0.48623336354267166,1527995.5,35462078.5,28199602187.5
66048,4096,4096,0.6909615989221525,2852349.0,39218198.0,28111550655.0
66048,4608,4096,0.5706669539663003,3288933.5,65171373.5,42157940712.5
66048,4864,4096,0.4480902691075706,3546875.0,91347660.0,58007214896.0
66048,5376,4096,0.42710843752100025,3941900.5,105238905.5,64509807433.0
66048,7680,4096,0.48911190605866217,5630856.0,132323059.5,76000508272.5
66048,7936,4096,0.3758529863204826,5970617.0,170786476.0,86670666977.0
66048,8192,4096,0.7728740140061965,5670759.5,53030041.5,32887537499.0
66048,8448,4096,0.3756852260465018,6336064.0,181817000.0,91733129335.0
66048,8704,4096,0.4313682959487229,6472184.0,168986136.0,96415638658.0
66048,14080,4096,0.41297279598901565,10370988.0,283299040.0,140990336553.0
66048,14336,4096,0.6409023639255429,10027878.5,164640397.5,95559526736.5
66048,16128,4096,0.4224902652350462,11774685.0,318745152.0,178702295961.5
66048,16384,4096,0.7731037487278751,11048469.0,105898393.5,66915823378.5
66048,16640,4096,0.3976222661127701,12193382.0,344400878.0,199864996069.0
66048,32512,4096,0.44457611430103183,25383818.0,614991261.0,405714398098.0
66048,32768,4096,0.6257616594313322,25091976.0,394452407.0,345138481884.0
66048,33024,4096,0.4262598163388933,25951707.0,647399554.0,444060908664.0
128256,2048,4096,0.48752398449665413,2869088.5,68660808.5,51943257917.0
128256,4096,4096,0.6918226471606981,5709378.0,75883052.0,51495095313.0
128256,4608,4096,0.5239139758131911,6428465.0,142399203.0,86281405460.0
128256,4864,4096,0.4121296207814847,6932391.0,190269834.0,114118293442.5
128256,5376,4096,0.39789334286332634,7793760.0,215918324.5,111803554730.0
128256,7680,4096,0.42880766109585244,10845067.0,291047202.5,164622158477.5
128256,7936,4096,0.36920410162157535,11576316.0,335588491.5,166745443457.5
128256,8192,4096,0.7738144914899332,10778728.5,102401447.5,68883891997.0
128256,8448,4096,0.3632687909433961,12092480.0,360772759.0,204648605288.0
128256,8704,4096,0.41197968141356955,12361681.0,340568096.0,189769150579.0
128256,14080,4096,0.400052846454412,20146882.0,563481499.0,315113178838.0
128256,14336,4096,0.6192950711538528,19684557.0,342549707.0,194331263074.0
128256,16128,4096,0.40911365468084154,23259708.0,634766936.0,351001749218.0
128256,16384,4096,0.7727911556703732,21511288.0,206017941.0,130447337469.0
128256,16640,4096,0.3901340177611319,24458863.0,677896834.5,377725622572.5
130816,2048,4096,0.4877796912642084,2869784.0,69989339.0,53045541985.0
130816,4096,4096,0.6923656464636753,5667124.0,77230544.0,50380563500.0
130816,4608,4096,0.53375101016483,6472467.5,141835112.5,85776574173.0
130816,4864,4096,0.4175715946313978,6962066.0,192072873.5,114679773958.5
130816,5376,4096,0.41036435301020385,7848131.0,215187135.5,110745007306.5
130816,7680,4096,0.43476543191016964,11023748.5,293413713.5,164519517837.0
130816,7936,4096,0.3662745437590024,11538107.5,344012795.5,192605710885.0
130816,8192,4096,0.7740353273506076,10854042.0,104309880.0,71460172817.0
130816,8448,4096,0.362095891864971,12393165.0,368715550.0,211537180475.5
130816,8704,4096,0.4148406304206697,12614506.0,345498034.0,193847366877.0
130816,14080,4096,0.40045635154661374,20738525.0,574308863.0,320951826077.0
130816,14336,4096,0.6351400455960794,20049509.0,332318991.0,188312066375.0
130816,16128,4096,0.41410592333829543,23880634.0,641405697.0,355218944801.5
130816,16384,4096,0.7735487737983915,21868701.5,209187856.5,131066168505.5
130816,16640,4096,0.38885975483520735,24868590.0,693027257.0,389128968414.0
131072,2048,4096,0.4878427780987479,2782712.0,70122424.0,50968531912.5
131072,4096,4096,0.6924193453001107,5596344.0,77366605.0,49803952572.0
131072,4608,4096,0.5698026466450757,6611707.0,129620410.0,72385305781.0
131072,4864,4096,0.4293374807179632,7107968.0,188153538.0,109307034105.5
131072,5376,4096,0.39777200430003345,7797211.5,220728066.0,117140262025.5
131072,7680,4096,0.42872157483583695,11052562.5,297477489.0,169817276229.5
131072,7936,4096,0.36753065840945454,11582067.0,343944173.0,195400645812.5
131072,8192,4096,0.7741425740286352,10967487.0,104449231.5,70849942140.0
131072,8448,4096,0.365490125694771,12318695.0,367293401.0,208270645807.0
131072,8704,4096,0.3971478311961326,12600382.0,357763697.0,199192442953.0
131072,14080,4096,0.40101895145715394,20643612.5,574864709.0,319731663398.0
131072,14336,4096,0.6177200234397588,19992514.5,351743009.5,199827346390.5
131072,16128,4096,0.41061789307251356,24033875.0,646960913.0,357362690272.0
131072,16384,4096,0.774008637253687,21823733.0,209025925.0,132889102613.0
131072,16640,4096,0.3869546989743029,24798574.5,696771543.5,389842548442.5
